Symbol,Company Name,GICS Sector,GICS Sub Industry,HQ Location,Date First Added,CIK
MMM,3M Company,Industrials,Industrial Conglomerates,"St. Paul, Minnesota",,0000066740
ABT,Abbott Laboratories,Health Care,Health Care Equipment,"North Chicago, Illinois",3/31/1964,0000001800
ABBV,AbbVie Inc.,Health Care,Pharmaceuticals,"North Chicago, Illinois",12/31/2012,0001551152
ABMD,ABIOMED Inc,Health Care,Health Care Equipment,"Danvers, Massachusetts",5/31/2018,0000815094
ACN,Accenture plc,Information Technology,IT Consulting & Other Services,"Dublin, Ireland",7/6/2011,0001467373
ATVI,Activision Blizzard,Communication Services,Interactive Home Entertainment,"Santa Monica, California",8/31/2015,0000718877
ADBE,Adobe Systems Inc,Information Technology,Application Software,"San Jose, California",5/5/1997,0000796343
AMD,Advanced Micro Devices Inc,Information Technology,Semiconductors,"Santa Clara, California",3/20/2017,0000002488
AAP,Advance Auto Parts,Consumer Discretionary,Automotive Retail,"Raleigh, North Carolina",7/9/2015,0001158449
AES,AES Corp,Utilities,Independent Power Producers & Energy Traders,"Arlington, Virginia",10/2/1998,0000874761
AFL,AFLAC Inc,Financials,Life & Health Insurance,"Columbus, Georgia",5/28/1999,0000004977
A,Agilent Technologies Inc,Health Care,Health Care Equipment,"Santa Clara, California",6/5/2000,0001090872
APD,Air Products & Chemicals Inc,Materials,Industrial Gases,"Allentown, Pennsylvania",4/30/1985,0000002969
AKAM,Akamai Technologies Inc,Information Technology,Internet Services & Infrastructure,"Cambridge, Massachusetts",7/12/2007,0001086222
ALK,Alaska Air Group Inc,Industrials,Airlines,"Seattle, Washington",5/13/2016,0000766421
ALB,Albemarle Corp,Materials,Specialty Chemicals,"Charlotte, North Carolina",7/1/2016,0000915913
ARE,Alexandria Real Estate Equities,Real Estate,Office REITs,"Pasadena, California",3/20/2017,0001035443
ALXN,Alexion Pharmaceuticals,Health Care,Biotechnology,"Boston, Massachusetts",5/25/2012,0000899866
ALGN,Align Technology,Health Care,Health Care Supplies,"San Jose, California",6/19/2017,0001097149
ALLE,Allegion,Industrials,Building Products,"Dublin, Ireland",12/2/2013,0001579241
AGN,"Allergan, plc",Health Care,Pharmaceuticals,"Dublin, Ireland",4/12/1999,0001578845
ADS,Alliance Data Systems,Information Technology,Data Processing & Outsourced Services,"Plano, Texas",12/23/2013,0001101215
LNT,Alliant Energy Corp,Utilities,Electric Utilities,"Madison, Wisconsin",7/1/2016,0000352541
ALL,Allstate Corp,Financials,Property & Casualty Insurance,"Northfield Township, Illinois",7/13/1995,0000899051
GOOGL,Alphabet Inc Class A,Communication Services,Interactive Media & Services,"Mountain View, California",4/3/2014,0001652044
GOOG,Alphabet Inc Class C,Communication Services,Interactive Media & Services,"Mountain View, California",4/3/2006,0001652044
MO,Altria Group Inc,Consumer Staples,Tobacco,"Richmond, Virginia",,0000764180
AMZN,Amazon.com Inc.,Consumer Discretionary,Internet & Direct Marketing Retail,"Seattle, Washington",11/18/2005,0001018724
AMCR,Amcor plc,Materials,Paper Packaging,"Warmley, Bristol, United Kingdom",6/7/2019,0001748790
AEE,Ameren Corp,Utilities,Multi-Utilities,"St. Louis, Missouri",9/19/1991,0001002910
AAL,American Airlines Group,Industrials,Airlines,"Fort Worth, Texas",3/23/2015,0000006201
AEP,American Electric Power,Utilities,Electric Utilities,"Columbus, Ohio",,0000004904
AXP,American Express Co,Financials,Consumer Finance,"New York, New York",6/30/1976,0000004962
AIG,American International Group,Financials,Property & Casualty Insurance,"New York, New York",3/31/1980,0000005272
AMT,American Tower Corp.,Real Estate,Specialized REITs,"Boston, Massachusetts",11/19/2007,0001053507
AWK,American Water Works Company Inc,Utilities,Water Utilities,"Camden, New Jersey",3/4/2016,0001410636
AMP,Ameriprise Financial,Financials,Asset Management & Custody Banks,"Minneapolis, Minnesota",10/3/2005,0000820027
ABC,AmerisourceBergen Corp,Health Care,Health Care Distributors,"Chesterbrook, Pennsylvania",8/30/2001,0001140859
AME,AMETEK Inc.,Industrials,Electrical Components & Equipment,"Berwyn, Pennsylvania",9/23/2013,0001037868
AMGN,Amgen Inc.,Health Care,Biotechnology,"Thousand Oaks, California",1/2/1992,0000318154
APH,Amphenol Corp,Information Technology,Electronic Components,"Wallingford, Connecticut",9/30/2008,0000820313
ADI,"Analog Devices, Inc.",Information Technology,Semiconductors,"Norwood, Massachusetts",10/12/1999,0000006281
ANSS,ANSYS,Information Technology,Application Software,"Canonsburg, Pennsylvania",6/19/2017,0001013462
ANTM,Anthem,Health Care,Managed Health Care,"Indianapolis, Indiana",7/25/2002,0001156039
AON,Aon plc,Financials,Insurance Brokers,"London, United Kingdom",4/23/1996,0000315293
AOS,A.O. Smith Corp,Industrials,Building Products,"Milwaukee, Wisconsin",7/26/2017,0000091142
APA,Apache Corporation,Energy,Oil & Gas Exploration & Production,"Houston, Texas",7/28/1997,0000006769
AIV,Apartment Investment & Management,Real Estate,Residential REITs,"Denver, Colorado",3/14/2003,0000922864
AAPL,Apple Inc.,Information Technology,"Technology Hardware, Storage & Peripherals","Cupertino, California",11/30/1982,0000320193
AMAT,Applied Materials Inc.,Information Technology,Semiconductor Equipment,"Santa Clara, California",3/16/1995,0000006951
APTV,Aptiv PLC,Consumer Discretionary,Auto Parts & Equipment,"Dublin, Ireland",12/24/2012,0001521332
ADM,Archer-Daniels-Midland Co,Consumer Staples,Agricultural Products,"Chicago, Illinois",7/29/1981,0000007084
ARNC,Arconic Inc.,Industrials,Aerospace & Defense,"New York, New York",3/31/1964,0000004281
ANET,Arista Networks,Information Technology,Communications Equipment,"Santa Clara, California",8/28/2018,0001596532
AJG,Arthur J. Gallagher & Co.,Financials,Insurance Brokers,"Itasca, Illinois",5/31/2016,0000354190
AIZ,Assurant,Financials,Multi-line Insurance,"New York, New York",4/10/2007,0001267238
ATO,Atmos Energy Corp,Utilities,Gas Utilities,"Dallas, Texas",2/15/2019,0000731802
T,AT&T Inc.,Communication Services,Integrated Telecommunication Services,"Dallas, Texas",11/30/1983,0000732717
ADSK,Autodesk Inc.,Information Technology,Application Software,"San Rafael, California",12/1/1989,0000769397
ADP,Automatic Data Processing,Information Technology,Internet Services & Infrastructure,"Roseland, New Jersey",3/31/1981,0000008670
AZO,AutoZone Inc,Consumer Discretionary,Specialty Stores,"Memphis, Tennessee",1/2/1997,0000866787
AVB,"AvalonBay Communities, Inc.",Real Estate,Residential REITs,"Arlington, Virginia[3]",1/10/2007,0000915912
AVY,Avery Dennison Corp,Materials,Paper Packaging,"Glendale, California",12/31/1987,0000008818
BKR,Baker Hughes Co,Energy,Oil & Gas Equipment & Services,"Houston, Texas",7/7/2017,0001701605
BLL,Ball Corp,Materials,Metal & Glass Containers,"Broomfield, Colorado",10/31/1984,0000009389
BAC,Bank of America Corp,Financials,Diversified Banks,"Charlotte, North Carolina",6/30/1976,0000070858
BK,The Bank of New York Mellon Corp.,Financials,Asset Management & Custody Banks,"New York, New York",3/31/1995,0001390777
BAX,Baxter International Inc.,Health Care,Health Care Equipment,"Deerfield, Illinois",9/30/1972,0000010456
BDX,Becton Dickinson,Health Care,Health Care Equipment,"Franklin Lakes, New Jersey",9/30/1972,0000010795
BRK.B,Berkshire Hathaway,Financials,Multi-Sector Holdings,"Omaha, Nebraska",2/16/2010,0001067983
BBY,Best Buy Co. Inc.,Consumer Discretionary,Computer & Electronics Retail,"Richfield, Minnesota",6/29/1999,0000764478
BIIB,Biogen Inc.,Health Care,Biotechnology,"Cambridge, Massachusetts",11/13/2003,0000875045
BLK,BlackRock,Financials,Asset Management & Custody Banks,"New York, New York",4/4/2011,0001364742
BA,Boeing Company,Industrials,Aerospace & Defense,"Chicago, Illinois",,0000012927
BKNG,Booking Holdings Inc,Consumer Discretionary,Internet & Direct Marketing Retail,"Norwalk, Connecticut",11/6/2009,0001075531
BWA,BorgWarner,Consumer Discretionary,Auto Parts & Equipment,"Auburn Hills, Michigan",12/19/2011,0000908255
BXP,Boston Properties,Real Estate,Office REITs,"Boston, Massachusetts",4/3/2006,0001037540
BSX,Boston Scientific,Health Care,Health Care Equipment,"Marlborough, Massachusetts[4]",2/24/1995,0000885725
BMY,Bristol-Myers Squibb,Health Care,Health Care Distributors,"New York, New York",,0000014272
AVGO,Broadcom Inc.,Information Technology,Semiconductors,"San Jose, California",5/8/2014,0001730168
BR,Broadridge Financial Solutions,Information Technology,Data Processing & Outsourced Services,"Lake Success, New York",6/18/2018,0001383312
BF.B,Brown-Forman Corp.,Consumer Staples,Distillers & Vintners,"Louisville, Kentucky",10/31/1982,0000014693
CHRW,C. H. Robinson Worldwide,Industrials,Air Freight & Logistics,"Eden Prairie, Minnesota",3/2/2007,0001043277
COG,Cabot Oil & Gas,Energy,Oil & Gas Exploration & Production,"Houston, Texas",6/23/2008,0000858470
CDNS,Cadence Design Systems,Information Technology,Application Software,"San Jose, California",9/18/2017,0000813672
CPB,Campbell Soup,Consumer Staples,Packaged Foods & Meats,"Camden, New Jersey",,0000016732
COF,Capital One Financial,Financials,Consumer Finance,"Tysons Corner, Virginia",7/1/1998,0000927628
CPRI,Capri Holdings,Consumer Discretionary,"Apparel, Accessories & Luxury Goods","New York, New York",11/13/2013,0001530721
CAH,Cardinal Health Inc.,Health Care,Health Care Distributors,"Dublin, Ohio",5/27/1997,0000721371
KMX,Carmax Inc,Consumer Discretionary,Specialty Stores,"Richmond, Virginia",6/28/2010,0001170010
CCL,Carnival Corp.,Consumer Discretionary,"Hotels, Resorts & Cruise Lines","Miami, Florida",12/22/1998,0000815097
CAT,Caterpillar Inc.,Industrials,Construction Machinery & Heavy Trucks,"Deerfield, Illinois",,0000018230
CBOE,Cboe Global Markets,Financials,Financial Exchanges & Data,"Chicago, Illinois",3/1/2017,0001374310
CBRE,CBRE Group,Real Estate,Real Estate Services,"Los Angeles, California",11/10/2006,0001138118
CDW,CDW,Information Technology,Technology Distributors,"Lincolnshire, Illinois",9/23/2019,0001402057
CE,Celanese,Materials,Specialty Chemicals,"Irving, Texas",12/24/2018,0001306830
CNC,Centene Corporation,Health Care,Managed Health Care,"St Louis, Missouri",3/30/2016,0001071739
CNP,CenterPoint Energy,Utilities,Multi-Utilities,"Houston, Texas",7/31/1985,0001130310
CTL,CenturyLink Inc,Communication Services,Alternative Carriers,"Monroe, Louisiana",3/25/1999,0000018926
CERN,Cerner,Health Care,Health Care Technology,"North Kansas City, Missouri",4/30/2010,0000804753
CF,CF Industries Holdings Inc,Materials,Fertilizers & Agricultural Chemicals,"Deerfield, Illinois",8/27/2008,0001324404
SCHW,Charles Schwab Corporation,Financials,Investment Banking & Brokerage,"San Francisco, California",6/2/1997,0000316709
CHTR,Charter Communications,Communication Services,Cable & Satellite,"Stamford, Connecticut",9/8/2016,0001091667
CVX,Chevron Corp.,Energy,Integrated Oil & Gas,"San Ramon, California",,0000093410
CMG,Chipotle Mexican Grill,Consumer Discretionary,Restaurants,"Newport Beach, California",4/28/2011,0001058090
CB,Chubb Limited,Financials,Property & Casualty Insurance,"Zurich, Switzerland",7/15/2010,0000896159
CHD,Church & Dwight,Consumer Staples,Household Products,"Ewing, New Jersey",12/29/2015,0000313927
CI,CIGNA Corp.,Health Care,Managed Health Care,"Bloomfield, Connecticut",6/30/1976,0000701221
XEC,Cimarex Energy,Energy,Oil & Gas Exploration & Production,"Denver, Colorado",6/21/2014,0001168054
CINF,Cincinnati Financial,Financials,Property & Casualty Insurance,"Fairfield, Ohio",12/18/1997,0000020286
CTAS,Cintas Corporation,Industrials,Diversified Support Services,"Mason, Ohio",3/1/2001,0000723254
CSCO,Cisco Systems,Information Technology,Communications Equipment,"San Jose, California",12/1/1993,0000858877
C,Citigroup Inc.,Financials,Diversified Banks,"New York, New York",5/31/1988,0000831001
CFG,Citizens Financial Group,Financials,Regional Banks,"Providence, Rhode Island",1/29/2016,0000759944
CTXS,Citrix Systems,Information Technology,Application Software,"Fort Lauderdale, Florida",12/1/1999,0000877890
CLX,The Clorox Company,Consumer Staples,Household Products,"Oakland, California",3/31/1969,0000021076
CME,CME Group Inc.,Financials,Financial Exchanges & Data,"Chicago, Illinois",8/11/2006,0001156375
CMS,CMS Energy,Utilities,Multi-Utilities,"Jackson, Michigan",5/3/1999,0000811156
KO,Coca-Cola Company,Consumer Staples,Soft Drinks,"Atlanta, Georgia",,0000021344
CTSH,Cognizant Technology Solutions,Information Technology,IT Consulting & Other Services,"Teaneck, New Jersey",11/17/2006,0001058290
CL,Colgate-Palmolive,Consumer Staples,Household Products,"New York, New York",,0000021665
CMCSA,Comcast Corp.,Communication Services,Cable & Satellite,"Philadelphia, Pennsylvania",9/18/2015,0001166691
CMA,Comerica Inc.,Financials,Diversified Banks,"Dallas, Texas",12/1/1995,0000028412
CAG,Conagra Brands,Consumer Staples,Packaged Foods & Meats,"Chicago, Illinois",8/31/1983,0000023217
CXO,Concho Resources,Energy,Oil & Gas Exploration & Production,"Midland, Texas",2/22/2016,0001358071
COP,ConocoPhillips,Energy,Oil & Gas Exploration & Production,"Houston, Texas",,0001163165
ED,Consolidated Edison,Utilities,Electric Utilities,"New York, New York",,0001047862
STZ,Constellation Brands,Consumer Staples,Distillers & Vintners,"Victor, New York",7/1/2005,0000016918
COO,The Cooper Companies,Health Care,Health Care Supplies,"San Ramon, California",9/23/2016,0000711404
CPRT,Copart Inc,Industrials,Diversified Support Services,"Dallas, Texas",7/2/2018,0000900075
GLW,Corning Inc.,Information Technology,Electronic Components,"Corning, New York",,0000024741
CTVA,Corteva,Materials,Fertilizers & Agricultural Chemicals,"Wilmington, Delaware",6/3/2019,0001755672
COST,Costco Wholesale Corp.,Consumer Staples,Hypermarkets & Super Centers,"Issaquah, Washington",10/1/1993,0000909832
COTY,"Coty, Inc",Consumer Staples,Personal Products,"New York, New York",10/3/2016,0001024305
CCI,Crown Castle International Corp.,Real Estate,Specialized REITs,"Houston, Texas",3/14/2012,0001051470
CSX,CSX Corp.,Industrials,Railroads,"Jacksonville, Florida",9/30/1967,0000277948
CMI,Cummins Inc.,Industrials,Industrial Machinery,"Columbus, Indiana",3/31/1965,0000026172
CVS,CVS Health,Health Care,Health Care Services,"Woonsocket, Rhode Island",,0000064803
DHI,D. R. Horton,Consumer Discretionary,Homebuilding,"Fort Worth, Texas",,0000882184
DHR,Danaher Corp.,Health Care,Health Care Equipment,"Washington, D.C.",,0000313616
DRI,Darden Restaurants,Consumer Discretionary,Restaurants,"Orlando, Florida",,0000940944
DVA,DaVita Inc.,Health Care,Health Care Facilities,"Denver, Colorado",7/31/2008,0000927066
DE,Deere & Co.,Industrials,Agricultural & Farm Machinery,"Moline, Illinois",,0000315189
DAL,Delta Air Lines Inc.,Industrials,Airlines,"Atlanta, Georgia",9/11/2013,0000027904
XRAY,Dentsply Sirona,Health Care,Health Care Supplies,"York, Pennsylvania",11/14/2008,0000818479
DVN,Devon Energy,Energy,Oil & Gas Exploration & Production,"Oklahoma City, Oklahoma",8/30/2000,0001090012
FANG,Diamondback Energy,Energy,Oil & Gas Exploration & Production,"Midland, Texas",12/3/2018,0001539838
DLR,Digital Realty Trust Inc,Real Estate,Specialized REITs,"San Francisco, California",5/18/2016,0001297996
DFS,Discover Financial Services,Financials,Consumer Finance,"Riverwoods, Illinois",7/2/2007,0001393612
DISCA,Discovery Inc. Class A,Communication Services,Broadcasting,"Silver Spring, Maryland",3/1/2010,0001437107
DISCK,Discovery Inc. Class C,Communication Services,Broadcasting,"Silver Spring, Maryland",8/7/2014,0001437107
DISH,Dish Network,Communication Services,Cable & Satellite,"Meridian, Colorado",3/13/2017,0001001082
DG,Dollar General,Consumer Discretionary,General Merchandise Stores,"Goodlettsville, Tennessee",12/3/2012,0000029534
DLTR,Dollar Tree,Consumer Discretionary,General Merchandise Stores,"Chesapeake, Virginia",12/19/2011,0000935703
D,Dominion Energy,Utilities,Electric Utilities,"Richmond, Virginia",,0000715957
DOV,Dover Corp.,Industrials,Industrial Machinery,"Downers Grove, Illinois",10/31/1985,0000029905
DOW,Dow Inc.,Materials,Commodity Chemicals,"Midland, Michigan",4/1/2019,0001751788
DTE,DTE Energy Co.,Utilities,Multi-Utilities,"Detroit, Michigan",,0000936340
DUK,Duke Energy,Utilities,Electric Utilities,"Charlotte, North Carolina",6/30/1976,0001326160
DRE,Duke Realty Corp,Real Estate,Industrial REITs,"Indianapolis, Indiana",7/26/2017,0000783280
DD,DuPont de Nemours Inc,Materials,Specialty Chemicals,"Midland, Michigan",,0001666700
DXC,DXC Technology,Information Technology,IT Consulting & Other Services,"Tysons Corner, Virginia",4/4/2017,0001688568
ETFC,E*Trade,Financials,Investment Banking & Brokerage,"New York, New York",3/31/2004,0001015780
EMN,Eastman Chemical,Materials,Diversified Chemicals,"Kingsport, Tennessee",1/1/1994,0000915389
ETN,Eaton Corporation,Industrials,Electrical Components & Equipment,"Dublin, Ireland",,0001551182
EBAY,eBay Inc.,Consumer Discretionary,Internet & Direct Marketing Retail,"San Jose, California",,0001065088
ECL,Ecolab Inc.,Materials,Specialty Chemicals,"St. Paul, Minnesota",1/31/1989,0000031462
EIX,Edison Int'l,Utilities,Electric Utilities,"Rosemead, California",,0000827052
EW,Edwards Lifesciences,Health Care,Health Care Equipment,"Irvine, California",4/1/2011,0001099800
EA,Electronic Arts,Communication Services,Interactive Home Entertainment,"Redwood City, California",7/22/2002,0000712515
EMR,Emerson Electric Company,Industrials,Electrical Components & Equipment,"Ferguson, Missouri",3/31/1965,0000032604
ETR,Entergy Corp.,Utilities,Electric Utilities,"New Orleans, Louisiana",,0000065984
EOG,EOG Resources,Energy,Oil & Gas Exploration & Production,"Houston, Texas",11/2/2000,0000821189
EFX,Equifax Inc.,Industrials,Research & Consulting Services,"Atlanta, Georgia",6/19/1997,0000033185
EQIX,Equinix,Real Estate,Specialized REITs,"Redwood City, California",3/20/2015,0001101239
EQR,Equity Residential,Real Estate,Residential REITs,"Chicago, Illinois",12/3/2001,0000906107
ESS,"Essex Property Trust, Inc.",Real Estate,Residential REITs,"Palo Alto, California",4/2/2014,0000920522
EL,Estee Lauder Cos.,Consumer Staples,Personal Products,"New York, New York",1/5/2006,0001001250
EVRG,Evergy,Utilities,Electric Utilities,"Kansas City, Missouri",6/5/2018,0001711269
ES,Eversource Energy,Utilities,Multi-Utilities,"Springfield, Massachusetts",,0000072741
RE,Everest Re Group Ltd.,Financials,Reinsurance,"Hamilton, Bermuda",6/19/2017,0001095073
EXC,Exelon Corp.,Utilities,Multi-Utilities,"Chicago, Illinois",,0001109357
EXPE,Expedia Group,Consumer Discretionary,Internet & Direct Marketing Retail,"Bellevue, Washington",10/2/2007,0001324424
EXPD,Expeditors,Industrials,Air Freight & Logistics,"Seattle, Washington",10/10/2007,0000746515
EXR,Extra Space Storage,Real Estate,Specialized REITs,"Salt Lake City, Utah",1/19/2016,0001289490
XOM,Exxon Mobil Corp.,Energy,Integrated Oil & Gas,"Irving, Texas",,0000034088
FFIV,F5 Networks,Information Technology,Communications Equipment,"Seattle, Washington",12/20/2010,0001048695
FB,"Facebook, Inc.",Communication Services,Interactive Media & Services,"Menlo Park, California",12/23/2013,0001326801
FAST,Fastenal Co,Industrials,Building Products,"Winona, Minnesota",9/15/2009,0000815556
FRT,Federal Realty Investment Trust,Real Estate,Retail REITs,"Rockville, Maryland",2/1/2016,0000034903
FDX,FedEx Corporation,Industrials,Air Freight & Logistics,"Memphis, Tennessee",12/31/1980,0001048911
FIS,Fidelity National Information Services,Information Technology,Data Processing & Outsourced Services,"Jacksonville, Florida",11/10/2006,0001136893
FITB,Fifth Third Bancorp,Financials,Regional Banks,"Cincinnati, Ohio",,0000035527
FE,FirstEnergy Corp,Utilities,Electric Utilities,"Akron, Ohio",,0001031296
FRC,First Republic Bank,Financials,Regional Banks,"San Francisco, California",1/2/2019,0001132979
FISV,Fiserv Inc,Information Technology,Data Processing & Outsourced Services,"Brookfield, Wisconsin",4/2/2001,0000798354
FLT,FleetCor Technologies Inc,Information Technology,Data Processing & Outsourced Services,"Norcross, Georgia",6/20/2018,0001175454
FLIR,FLIR Systems,Information Technology,Electronic Equipment & Instruments,"Wilsonville, Oregon",1/2/2009,0000354908
FLS,Flowserve Corporation,Industrials,Industrial Machinery,"Irving, Texas",10/2/2008,0000030625
FMC,FMC Corporation,Materials,Fertilizers & Agricultural Chemicals,"Philadelphia, Pennsylvania",8/19/2009,0000037785
F,Ford Motor,Consumer Discretionary,Automobile Manufacturers,"Dearborn, Michigan",,0000037996
FTNT,Fortinet,Information Technology,Systems Software,"Sunnyvale, California",10/11/2018,0001262039
FTV,Fortive Corp,Industrials,Industrial Machinery,"Everett, Washington",7/1/2016,0001659166
FBHS,Fortune Brands Home & Security,Industrials,Building Products,"Deerfield, Illinois",6/22/2016,0001519751
FOXA,Fox Corporation Class A,Communication Services,Movies & Entertainment,"New York, New York",7/1/2013,0001308161
FOX,Fox Corporation Class B,Communication Services,Movies & Entertainment,"New York, New York",9/18/2015,0001308161
BEN,Franklin Resources,Financials,Asset Management & Custody Banks,"San Mateo, California",,0000038777
FCX,Freeport-McMoRan Inc.,Materials,Copper,"Phoenix, Arizona",,0000831259
GPS,Gap Inc.,Consumer Discretionary,Apparel Retail,"San Francisco, California",8/31/1986,0000039911
GRMN,Garmin Ltd.,Consumer Discretionary,Consumer Electronics,"Schaffhausen, Switzerland",12/12/2012,0001121788
IT,Gartner Inc,Information Technology,IT Consulting & Other Services,"Stamford, Connecticut",4/5/2017,0000749251
GD,General Dynamics,Industrials,Aerospace & Defense,"Falls Church, Virginia",,0000040533
GE,General Electric,Industrials,Industrial Conglomerates,"Boston, Massachusetts",,0000040545
GIS,General Mills,Consumer Staples,Packaged Foods & Meats,"Golden Valley, Minnesota",3/31/1969,0000040704
GM,General Motors,Consumer Discretionary,Automobile Manufacturers,"Detroit, Michigan",6/6/2013,0001467858
GPC,Genuine Parts,Consumer Discretionary,Specialty Stores,"Atlanta, Georgia",12/31/1973,0000040987
GILD,Gilead Sciences,Health Care,Biotechnology,"Foster City, California",7/1/2004,0000882095
GL,Globe Life Inc.,Financials,Life & Health Insurance,"McKinney, Texas",4/30/1989,0000320335
GPN,Global Payments Inc.,Information Technology,Data Processing & Outsourced Services,"Atlanta, Georgia",4/25/2016,0001123360
GS,Goldman Sachs Group,Financials,Investment Banking & Brokerage,"New York, New York",7/22/2002,0000886982
GWW,Grainger (W.W.) Inc.,Industrials,Industrial Machinery,"Lake Forest, Illinois",6/30/1981,0000277135
HRB,H&R Block,Consumer Discretionary,Specialized Consumer Services,"Kansas City, Missouri",11/30/1986,0000012659
HAL,Halliburton Co.,Energy,Oil & Gas Equipment & Services,"Houston, Texas",,0000045012
HBI,Hanesbrands Inc,Consumer Discretionary,"Apparel, Accessories & Luxury Goods","Winston-Salem, North Carolina",3/20/2015,0001359841
HOG,Harley-Davidson,Consumer Discretionary,Motorcycle Manufacturers,"Milwaukee, Wisconsin",,0000793952
HIG,Hartford Financial Svc.Gp.,Financials,Property & Casualty Insurance,"Hartford, Connecticut",,0000874766
HAS,Hasbro Inc.,Consumer Discretionary,Leisure Products,"Pawtucket, Rhode Island",9/30/1984,0000046080
HCA,HCA Healthcare,Health Care,Health Care Facilities,"Nashville, Tennessee",1/27/2015,0000860730
PEAK,Healthpeak Properties,Real Estate,Health Care REITs,"Long Beach, California",3/31/2008,0000765880
HP,Helmerich & Payne,Energy,Oil & Gas Drilling,"Tulsa, Oklahoma[5]",3/1/2010,0000046765
HSIC,Henry Schein,Health Care,Health Care Distributors,"Melville, New York",3/17/2015,0001000228
HSY,The Hershey Company,Consumer Staples,Packaged Foods & Meats,"Hershey, Pennsylvania",,0000047111
HES,Hess Corporation,Energy,Integrated Oil & Gas,"New York, New York",5/31/1984,0000004447
HPE,Hewlett Packard Enterprise,Information Technology,"Technology Hardware, Storage & Peripherals","Palo Alto, California",11/2/2015,0001645590
HLT,Hilton Worldwide Holdings Inc,Consumer Discretionary,"Hotels, Resorts & Cruise Lines","Tysons Corner, Virginia",6/19/2017,0001585689
HFC,HollyFrontier Corp,Energy,Oil & Gas Refining & Marketing,"Dallas, Texas",6/18/2018,0000048039
HOLX,Hologic,Health Care,Health Care Equipment,"Marlborough, Massachusetts",3/30/2016,0000859737
HD,Home Depot,Consumer Discretionary,Home Improvement Retail,"Atlanta, Georgia",3/31/1988,0000354950
HON,Honeywell Int'l Inc.,Industrials,Industrial Conglomerates,"Morristown, New Jersey",3/31/1964,0000773840
HRL,Hormel Foods Corp.,Consumer Staples,Packaged Foods & Meats,"Austin, Minnesota",3/4/2009,0000048465
HST,Host Hotels & Resorts,Real Estate,Hotel & Resort REITs,"Bethesda, Maryland",3/20/2007,0001070750
HPQ,HP Inc.,Information Technology,"Technology Hardware, Storage & Peripherals","Palo Alto, California",12/31/1974,0000047217
HUM,Humana Inc.,Health Care,Managed Health Care,"Louisville, Kentucky",,0000049071
HBAN,Huntington Bancshares,Financials,Regional Banks,"Columbus, Ohio",,0000049196
HII,Huntington Ingalls Industries,Industrials,Aerospace & Defense,"Newport News, Virginia",1/3/2018,0001501585
IEX,IDEX Corporation,Industrials,Industrial Machinery,"Lake Forest, Illinois",8/9/2019,0000832101
IDXX,IDEXX Laboratories,Health Care,Health Care Equipment,"Westbrook, Maine",1/5/2017,0000874716
INFO,IHS Markit Ltd.,Industrials,Research & Consulting Services,"London, United Kingdom",6/2/2017,0001598014
ITW,Illinois Tool Works,Industrials,Industrial Machinery,"Glenview, Illinois",2/28/1986,0000049826
ILMN,Illumina Inc,Health Care,Life Sciences Tools & Services,"San Diego, California",11/19/2015,0001110803
IR,Ingersoll-Rand PLC,Industrials,Industrial Machinery,"Dublin, Ireland",11/17/2010,0001466258
INTC,Intel Corp.,Information Technology,Semiconductors,"Santa Clara, California",12/31/1976,0000050863
ICE,Intercontinental Exchange,Financials,Financial Exchanges & Data,"Atlanta, Georgia",9/26/2007,0001571949
IBM,International Business Machines,Information Technology,IT Consulting & Other Services,"Armonk, New York",,0000051143
INCY,Incyte,Health Care,Biotechnology,"Wilmington, Delaware",2/28/2017,0000879169
IP,International Paper,Materials,Paper Packaging,"Memphis, Tennessee",,0000051434
IPG,Interpublic Group,Communication Services,Advertising,"New York, New York",10/1/1992,0000051644
IFF,Intl Flavors & Fragrances,Materials,Specialty Chemicals,"New York, New York",3/31/1976,0000051253
INTU,Intuit Inc.,Information Technology,Application Software,"Mountain View, California",12/5/2000,0000896878
ISRG,Intuitive Surgical Inc.,Health Care,Health Care Equipment,"Sunnyvale, California",6/2/2008,0001035267
IVZ,Invesco Ltd.,Financials,Asset Management & Custody Banks,"Atlanta, Georgia",8/21/2008,0000914208
IPGP,IPG Photonics Corp.,Information Technology,Electronic Manufacturing Services,"Oxford, Massachusetts",3/7/2018,0001111928
IQV,IQVIA Holdings Inc.,Health Care,Life Sciences Tools & Services,"Durham, North Carolina",8/29/2017,0001478242
IRM,Iron Mountain Incorporated,Real Estate,Specialized REITs,"Boston, Massachusetts",1/6/2009,0001020569
JKHY,Jack Henry & Associates,Information Technology,Data Processing & Outsourced Services,"Monett, Missouri",11/13/2018,0000779152
J,Jacobs Engineering Group,Industrials,Construction & Engineering,"Pasadena, California",10/26/2007,0000052988
JBHT,J. B. Hunt Transport Services,Industrials,Trucking,"Lowell, Arkansas",7/1/2015,0000728535
SJM,JM Smucker,Consumer Staples,Packaged Foods & Meats,"Orrville, Ohio",11/6/2008,0000091419
JNJ,Johnson & Johnson,Health Care,Pharmaceuticals,"New Brunswick, New Jersey",6/30/1973,0000200406
JCI,Johnson Controls International,Industrials,Building Products,"Cork, Ireland",8/27/2010,0000833444
JPM,JPMorgan Chase & Co.,Financials,Diversified Banks,"New York, New York",6/30/1975,0000019617
JNPR,Juniper Networks,Information Technology,Communications Equipment,"Sunnyvale, California",,0001043604
KSU,Kansas City Southern,Industrials,Railroads,"Kansas City, Missouri",5/24/2013,0000054480
K,Kellogg Co.,Consumer Staples,Packaged Foods & Meats,"Battle Creek, Michigan",,0000055067
KEY,KeyCorp,Financials,Regional Banks,"Cleveland, Ohio",3/1/1994,0000091576
KEYS,Keysight Technologies,Information Technology,Electronic Equipment & Instruments,"Santa Rosa, California",11/6/2018,0001601046
KMB,Kimberly-Clark,Consumer Staples,Household Products,"Irving, Texas",,0000055785
KIM,Kimco Realty,Real Estate,Retail REITs,"New Hyde Park, New York",4/4/2006,0000879101
KMI,Kinder Morgan,Energy,Oil & Gas Storage & Transportation,"Houston, Texas",5/25/2012,0001506307
KLAC,KLA Corporation,Information Technology,Semiconductor Equipment,"Milpitas, California",,0000319201
KSS,Kohl's Corp.,Consumer Discretionary,General Merchandise Stores,"Menomonee Falls, Wisconsin",,0000885639
KHC,Kraft Heinz Co,Consumer Staples,Packaged Foods & Meats,"Chicago, Illinois; Pittsburgh, Pennsylvania",7/6/2015,0001637459
KR,Kroger Co.,Consumer Staples,Food Retail,"Cincinnati, Ohio",,0000056873
LB,L Brands Inc.,Consumer Discretionary,Apparel Retail,"Columbus, Ohio",9/30/1983,0000701985
LHX,L3Harris Technologies,Industrials,Aerospace & Defense,"Melbourne, Florida",,0000202058
LH,Laboratory Corp. of America Holding,Health Care,Health Care Services,"Burlington, North Carolina",11/1/2004,0000920148
LRCX,Lam Research,Information Technology,Semiconductor Equipment,"Fremont, California",6/29/2012,0000707549
LW,Lamb Weston Holdings Inc,Consumer Staples,Packaged Foods & Meats,"Eagle, Idaho",12/3/2018,0001679273
LVS,Las Vegas Sands,Consumer Discretionary,Casinos & Gaming,"Las Vegas, Nevada",10/3/2019,0001300514
LEG,Leggett & Platt,Consumer Discretionary,Home Furnishings,"Carthage, Missouri",,0000058492
LDOS,Leidos Holdings,Information Technology,IT Consulting & Other Services,"Reston, Virginia",8/9/2019,0001336920
LEN,Lennar Corp.,Consumer Discretionary,Homebuilding,"Miami, Florida",10/4/2005,0000920760
LLY,Lilly (Eli) & Co.,Health Care,Pharmaceuticals,"Indianapolis, Indiana",12/31/1970,0000059478
LNC,Lincoln National,Financials,Multi-line Insurance,"Radnor, Pennsylvania",6/30/1976,0000059558
LIN,Linde plc,Materials,Industrial Gases,"Guildford, Surrey, United Kingdom",7/1/1992,0001707925
LYV,Live Nation Entertainment,Communication Services,Movies & Entertainment,"Beverly Hills, California",12/23/2019,0001335258
LKQ,LKQ Corporation,Consumer Discretionary,Distributors,"Chicago, Illinois",5/23/2016,0001065696
LMT,Lockheed Martin Corp.,Industrials,Aerospace & Defense,"Bethesda, Maryland",7/31/1984,0000936468
L,Loews Corp.,Financials,Multi-line Insurance,"New York, New York",,0000060086
LOW,Lowe's Cos.,Consumer Discretionary,Home Improvement Retail,"Mooresville, North Carolina",2/29/1984,0000060667
LYB,LyondellBasell,Materials,Specialty Chemicals,"Rotterdam, Netherlands",9/5/2012,0001489393
MTB,M&T Bank Corp.,Financials,Regional Banks,"Buffalo, New York",,0000036270
M,Macy's Inc.,Consumer Discretionary,Department Stores,"Cincinnati, Ohio",,0000794367
MRO,Marathon Oil Corp.,Energy,Oil & Gas Exploration & Production,"Houston, Texas",5/1/1991,0000101778
MPC,Marathon Petroleum,Energy,Oil & Gas Refining & Marketing,"Findlay, Ohio",7/1/2011,0001510295
MKTX,MarketAxess,Financials,Financial Exchanges & Data,"New York, New York",7/1/2019,0001278021
MAR,Marriott Int'l.,Consumer Discretionary,"Hotels, Resorts & Cruise Lines","Bethesda, Maryland",,0001048286
MMC,Marsh & McLennan,Financials,Insurance Brokers,"New York, New York",8/31/1987,0000062709
MLM,Martin Marietta Materials,Materials,Construction Materials,"Raleigh, North Carolina",7/2/2014,0000916076
MAS,Masco Corp.,Industrials,Building Products,"Taylor, Michigan",6/30/1981,0000062996
MA,Mastercard Inc.,Information Technology,Data Processing & Outsourced Services,"Harrison, New York",7/18/2008,0001141391
MKC,McCormick & Co.,Consumer Staples,Packaged Foods & Meats,"Sparks, Maryland",,0000063754
MXIM,Maxim Integrated Products Inc,Information Technology,Semiconductors,"San Jose, California",12/3/2018,0000743316
MCD,McDonald's Corp.,Consumer Discretionary,Restaurants,"Chicago, Illinois",6/30/1970,0000063908
MCK,McKesson Corp.,Health Care,Health Care Distributors,"Irving, Texas",,0000927653
MDT,Medtronic plc,Health Care,Health Care Equipment,"Dublin, Ireland",10/31/1986,0001613103
MRK,Merck & Co.,Health Care,Pharmaceuticals,"Whitehouse Station, New Jersey",,0000310158
MET,MetLife Inc.,Financials,Life & Health Insurance,"New York, New York",,0001099219
MTD,Mettler Toledo,Health Care,Life Sciences Tools & Services,"Columbus, Ohio",9/6/2016,0001037646
MGM,MGM Resorts International,Consumer Discretionary,Casinos & Gaming,"Paradise, Nevada",7/26/2017,0000789570
MCHP,Microchip Technology,Information Technology,Semiconductors,"Chandler, Arizona",9/7/2007,0000827054
MU,Micron Technology,Information Technology,Semiconductors,"Boise, Idaho",9/27/1994,0000723125
MSFT,Microsoft Corp.,Information Technology,Systems Software,"Redmond, Washington",6/1/1994,0000789019
MAA,Mid-America Apartments,Real Estate,Residential REITs,"Memphis, Tennessee",12/2/2016,0000912595
MHK,Mohawk Industries,Consumer Discretionary,Home Furnishings,"Amsterdam, New York",12/23/2013,0000851968
TAP,Molson Coors Brewing Company,Consumer Staples,Brewers,"Denver, Colorado",6/30/1976,0000024545
MDLZ,Mondelez International,Consumer Staples,Packaged Foods & Meats,"Deerfield, Illinois",10/2/2012,0001103982
MNST,Monster Beverage,Consumer Staples,Soft Drinks,"Corona, California",6/28/2012,0000865752
MCO,Moody's Corp,Financials,Financial Exchanges & Data,"New York, New York",,0001059556
MS,Morgan Stanley,Financials,Investment Banking & Brokerage,"New York, New York",,0000895421
MOS,The Mosaic Company,Materials,Fertilizers & Agricultural Chemicals,"Plymouth, Minnesota",9/26/2011,0001285785
MSI,Motorola Solutions Inc.,Information Technology,Communications Equipment,"Schaumburg, Illinois",,0000068505
MSCI,MSCI Inc,Financials,Financial Exchanges & Data,"New York, New York",4/4/2018,0001408198
MYL,Mylan N.V.,Health Care,Pharmaceuticals,"Amsterdam, Netherlands",4/23/2004,0001623613
NDAQ,"Nasdaq, Inc.",Financials,Financial Exchanges & Data,"New York, New York",10/22/2008,0001120193
NOV,National Oilwell Varco Inc.,Energy,Oil & Gas Equipment & Services,"Houston, Texas",3/14/2005,0001021860
NTAP,NetApp,Information Technology,"Technology Hardware, Storage & Peripherals","Sunnyvale, California",6/25/1999,0001002047
NFLX,Netflix Inc.,Communication Services,Movies & Entertainment,"Los Gatos, California",12/20/2010,0001065280
NWL,Newell Brands,Consumer Discretionary,Housewares & Specialties,"Hoboken, New Jersey",4/30/1989,0000814453
NEM,Newmont Goldcorp,Materials,Gold,"Denver, Colorado",6/30/1969,0001164727
NWSA,News Corp. Class A,Communication Services,Publishing,"New York, New York",8/1/2013,0001564708
NWS,News Corp. Class B,Communication Services,Publishing,"New York, New York",9/18/2015,0001564708
NEE,NextEra Energy,Utilities,Multi-Utilities,"Juno Beach, Florida",6/30/1976,0000753308
NLSN,Nielsen Holdings,Industrials,Research & Consulting Services,"New York, New York",7/9/2013,0001492633
NKE,Nike,Consumer Discretionary,"Apparel, Accessories & Luxury Goods","Washington County, Oregon",11/30/1988,0000320187
NI,NiSource Inc.,Utilities,Multi-Utilities,"Merrillville, Indiana",,0001111711
NBL,Noble Energy Inc,Energy,Oil & Gas Exploration & Production,"Houston, Texas",10/8/2007,0000072207
JWN,Nordstrom,Consumer Discretionary,Department Stores,"Seattle, Washington",8/31/1986,0000072333
NSC,Norfolk Southern Corp.,Industrials,Railroads,"Norfolk, Virginia",,0000702165
NTRS,Northern Trust Corp.,Financials,Asset Management & Custody Banks,"Chicago, Illinois",,0000073124
NOC,Northrop Grumman,Industrials,Aerospace & Defense,"West Falls Church, Virginia",6/30/1985,0001133421
NLOK,NortonLifeLock,Information Technology,Application Software,"Tempe, Arizona",3/25/2003,0000849399
NCLH,Norwegian Cruise Line Holdings,Consumer Discretionary,"Hotels, Resorts & Cruise Lines","Miami, Florida",10/13/2017,0001513761
NRG,NRG Energy,Utilities,Independent Power Producers & Energy Traders,"Princeton, New Jersey",1/29/2010,0001013871
NUE,Nucor Corp.,Materials,Steel,"Charlotte, North Carolina",4/30/1985,0000073309
NVDA,Nvidia Corporation,Information Technology,Semiconductors,"Santa Clara, California",11/30/2001,0001045810
NVR,NVR Inc,Consumer Discretionary,Homebuilding,"Reston, VA",9/26/2019,0000906163
ORLY,O'Reilly Automotive,Consumer Discretionary,Specialty Stores,"Springfield, Missouri",3/27/2009,0000898173
OXY,Occidental Petroleum,Energy,Oil & Gas Exploration & Production,"Houston, Texas",12/31/1982,0000797468
ODFL,Old Dominion Freight Line,Industrials,Trucking,"Thomasville, North Carolina",12/9/2019,0000878927
OMC,Omnicom Group,Communication Services,Advertising,"New York, New York",,0000029989
OKE,ONEOK,Energy,Oil & Gas Storage & Transportation,"Tulsa, Oklahoma",3/15/2010,0001039684
ORCL,Oracle Corp.,Information Technology,Application Software,"Redwood Shores, California",8/31/1989,0001341439
PCAR,PACCAR Inc.,Industrials,Construction Machinery & Heavy Trucks,"Bellevue, Washington",12/31/1980,0000075362
PKG,Packaging Corporation of America,Materials,Paper Packaging,"Lake Forest, Illinois",7/26/2017,0000075677
PH,Parker-Hannifin,Industrials,Industrial Machinery,"Cleveland, Ohio",11/30/1985,0000076334
PAYX,Paychex Inc.,Information Technology,Data Processing & Outsourced Services,"Penfield, New York",,0000723531
PYPL,PayPal,Information Technology,Data Processing & Outsourced Services,"San Jose, California",7/20/2015,0001633917
PNR,Pentair plc,Industrials,Industrial Machinery,"Worsley, UK",10/1/2012,0000077360
PBCT,People's United Financial,Financials,Thrifts & Mortgage Finance,"Bridgeport, Connecticut",11/13/2008,0001378946
PEP,PepsiCo Inc.,Consumer Staples,Soft Drinks,"Purchase, New York",,0000077476
PKI,PerkinElmer,Health Care,Health Care Equipment,"Waltham, Massachusetts",5/31/1985,0000031791
PRGO,Perrigo,Health Care,Pharmaceuticals,"Dublin, Ireland",12/19/2011,0001585364
PFE,Pfizer Inc.,Health Care,Pharmaceuticals,"New York, New York",,0000078003
PM,Philip Morris International,Consumer Staples,Tobacco,"New York, New York",3/31/2008,0001413329
PSX,Phillips 66,Energy,Oil & Gas Refining & Marketing,"Houston, Texas",5/1/2012,0001534701
PNW,Pinnacle West Capital,Utilities,Multi-Utilities,"Phoenix, Arizona",,0000764622
PXD,Pioneer Natural Resources,Energy,Oil & Gas Exploration & Production,"Irving, Texas",9/24/2008,0001038357
PNC,PNC Financial Services,Financials,Regional Banks,"Pittsburgh, Pennsylvania",4/30/1988,0000713676
PPG,PPG Industries,Materials,Specialty Chemicals,"Pittsburgh, Pennsylvania",,0000079879
PPL,PPL Corp.,Utilities,Electric Utilities,"Allentown, Pennsylvania",,0000922224
PFG,Principal Financial Group,Financials,Life & Health Insurance,"Des Moines, Iowa",7/22/2002,0001126328
PG,Procter & Gamble,Consumer Staples,Personal Products,"Cincinnati, Ohio",,0000080424
PGR,Progressive Corp.,Financials,Property & Casualty Insurance,"Mayfield Village, Ohio",8/4/1997,0000080661
PLD,Prologis,Real Estate,Industrial REITs,"San Francisco, California",7/17/2003,0001045609
PRU,Prudential Financial,Financials,Life & Health Insurance,"Newark, New Jersey",7/22/2002,0001137774
PEG,Public Serv. Enterprise Inc.,Utilities,Electric Utilities,"Newark, New Jersey",,0000788784
PSA,Public Storage,Real Estate,Specialized REITs,"Glendale, California",8/19/2005,0001393311
PHM,Pulte Homes Inc.,Consumer Discretionary,Homebuilding,"Atlanta, Georgia",4/30/1984,0000822416
PVH,PVH Corp.,Consumer Discretionary,"Apparel, Accessories & Luxury Goods","New York, New York",2/15/2013,0000078239
QRVO,Qorvo,Information Technology,Semiconductors,"Greensboro, North Carolina",6/11/2015,0001604778
PWR,Quanta Services Inc.,Industrials,Construction & Engineering,"Houston, Texas",7/1/2009,0001050915
QCOM,QUALCOMM Inc.,Information Technology,Semiconductors,"San Diego, California",,0000804328
DGX,Quest Diagnostics,Health Care,Health Care Services,"Madison, New Jersey",12/12/2002,0001022079
RL,Ralph Lauren Corporation,Consumer Discretionary,"Apparel, Accessories & Luxury Goods","New York, New York",2/2/2007,0001037038
RJF,Raymond James Financial Inc.,Financials,Investment Banking & Brokerage,"St. Petersburg, Florida",3/20/2017,0000720005
RTN,Raytheon Co.,Industrials,Aerospace & Defense,"Waltham, Massachusetts",,0001047122
O,Realty Income Corporation,Real Estate,Retail REITs,"San Diego, California",4/7/2015,0000726728
REG,Regency Centers Corporation,Real Estate,Retail REITs,"Jacksonville, Florida",3/2/2017,0000910606
REGN,Regeneron Pharmaceuticals,Health Care,Biotechnology,"Tarrytown, New York",5/1/2013,0000872589
RF,Regions Financial Corp.,Financials,Regional Banks,"Birmingham, Alabama",8/28/1998,0001281761
RSG,Republic Services Inc,Industrials,Environmental & Facilities Services,"Phoenix, Arizona",12/5/2008,0001060391
RMD,ResMed,Health Care,Health Care Equipment,"San Diego, California",7/26/2017,0000943819
RHI,Robert Half International,Industrials,Human Resource & Employment Services,"Menlo Park, California",12/5/2000,0000315213
ROK,Rockwell Automation Inc.,Industrials,Electrical Components & Equipment,"Milwaukee, Wisconsin",,0001024478
ROL,Rollins Inc.,Industrials,Environmental & Facilities Services,"Atlanta, Georgia",10/1/2018,0000084839
ROP,Roper Technologies,Industrials,Industrial Conglomerates,"Sarasota, Florida",12/23/2009,0000882835
ROST,Ross Stores,Consumer Discretionary,Apparel Retail,"Pleasanton, California",12/21/2009,0000745732
RCL,Royal Caribbean Cruises Ltd,Consumer Discretionary,"Hotels, Resorts & Cruise Lines","Miami, Florida",12/5/2014,0000884887
SPGI,"S&P Global, Inc.",Financials,Financial Exchanges & Data,"New York, New York",,0000064040
CRM,Salesforce.com,Information Technology,Application Software,"San Francisco, California",9/15/2008,0001108524
SBAC,SBA Communications,Real Estate,Specialized REITs,"Boca Raton, Florida",9/1/2017,0001034054
SLB,Schlumberger Ltd.,Energy,Oil & Gas Equipment & Services,"Curaçao, Kingdom of the Netherlands",3/31/1965,0000087347
STX,Seagate Technology,Information Technology,"Technology Hardware, Storage & Peripherals","Dublin, Ireland",7/2/2012,0001137789
SEE,Sealed Air,Materials,Paper Packaging,"Elmwood Park, New Jersey",,0001012100
SRE,Sempra Energy,Utilities,Multi-Utilities,"San Diego, California",,0001032208
NOW,ServiceNow,Information Technology,Systems Software,"Santa Clara, California",11/21/2019,0001373715
SHW,Sherwin-Williams,Materials,Specialty Chemicals,"Cleveland, Ohio",6/30/1964,0000089800
SPG,Simon Property Group Inc,Real Estate,Retail REITs,"Indianapolis, Indiana",6/26/2002,0001063761
SWKS,Skyworks Solutions,Information Technology,Semiconductors,"Woburn, Massachusetts",3/12/2015,0000004127
SLG,SL Green Realty,Real Estate,Office REITs,"New York, New York",3/20/2015,0001040971
SNA,Snap-on,Industrials,Industrial Machinery,"Kenosha, Wisconsin",9/30/1982,0000091440
SO,Southern Co.,Utilities,Electric Utilities,"Atlanta, Georgia",,0000092122
LUV,Southwest Airlines,Industrials,Airlines,"Dallas, Texas",7/1/1994,0000092380
SWK,Stanley Black & Decker,Industrials,Industrial Machinery,"New Britain, Connecticut",9/30/1982,0000093556
SBUX,Starbucks Corp.,Consumer Discretionary,Restaurants,"Seattle, Washington",,0000829224
STT,State Street Corp.,Financials,Asset Management & Custody Banks,"Boston, Massachusetts",,0000093751
STE,STERIS plc,Health Care,Health Care Equipment,"Dublin, Ireland",12/23/2019,0001757898
SYK,Stryker Corp.,Health Care,Health Care Equipment,"Kalamazoo, Michigan",12/12/2000,0000310764
SIVB,SVB Financial,Financials,Regional Banks,"Santa Clara, California",3/19/2018,0000719739
SYF,Synchrony Financial,Financials,Consumer Finance,"Stamford, Connecticut",11/18/2015,0001601712
SNPS,Synopsys Inc.,Information Technology,Application Software,"Mountain View, California",3/16/2017,0000883241
SYY,Sysco Corp.,Consumer Staples,Food Distributors,"Houston, Texas",12/31/1986,0000096021
TMUS,T-Mobile US,Communication Services,Wireless Telecommunication Services,"Bellevue, Washington",7/15/2019,0001283699
TROW,T. Rowe Price Group,Financials,Asset Management & Custody Banks,"Baltimore, Maryland",,0001113169
TTWO,Take-Two Interactive,Communication Services,Interactive Home Entertainment,"New York, New York",3/19/2018,0000946581
TPR,"Tapestry, Inc.",Consumer Discretionary,"Apparel, Accessories & Luxury Goods","New York, New York",,0001116132
TGT,Target Corp.,Consumer Discretionary,General Merchandise Stores,"Minneapolis, Minnesota",12/31/1976,0000027419
TEL,TE Connectivity Ltd.,Information Technology,Electronic Manufacturing Services,"Schaffhausen, Switzerland",10/17/2011,0001385157
FTI,TechnipFMC,Energy,Oil & Gas Equipment & Services,"London, United Kingdom",6/5/2009,0001681459
TFX,Teleflex,Health Care,Health Care Equipment,"Wayne, Pennsylvania",1/18/2019,0000096943
TXN,Texas Instruments,Information Technology,Semiconductors,"Dallas, Texas",,0000097476
TXT,Textron Inc.,Industrials,Aerospace & Defense,"Providence, Rhode Island",12/31/1978,0000217346
TMO,Thermo Fisher Scientific,Health Care,Life Sciences Tools & Services,"Waltham, Massachusetts",,0000097745
TIF,Tiffany & Co.,Consumer Discretionary,"Apparel, Accessories & Luxury Goods","New York, New York",6/21/2000,0000098246
TJX,TJX Companies Inc.,Consumer Discretionary,Apparel Retail,"Framingham, Massachusetts",9/30/1985,0000109198
TSCO,Tractor Supply Company,Consumer Discretionary,Specialty Stores,"Brentwood, Tennessee",1/24/2014,0000916365
TDG,TransDigm Group,Industrials,Aerospace & Defense,"Cleveland, Ohio",6/3/2016,0001260221
TRV,The Travelers Companies Inc.,Financials,Property & Casualty Insurance,"New York, New York",8/21/2002,0000086312
TFC,Truist Financial,Financials,Regional Banks,"Charlotte, North Carolina",12/4/1997,0000092230
TWTR,"Twitter, Inc.",Communication Services,Interactive Media & Services,"San Francisco, California",6/7/2018,0001418091
TSN,Tyson Foods,Consumer Staples,Packaged Foods & Meats,"Springdale, Arkansas",,0000100493
UDR,"UDR, Inc.",Real Estate,Residential REITs,"Highlands Ranch, Colorado",3/7/2016,0000074208
ULTA,Ulta Beauty,Consumer Discretionary,Specialty Stores,"Bolingbrook, Illinois",4/18/2016,0001403568
USB,U.S. Bancorp,Financials,Diversified Banks,"Minneapolis, Minnesota",,0000036104
UAA,Under Armour Class A,Consumer Discretionary,"Apparel, Accessories & Luxury Goods","Baltimore, Maryland",3/25/2016,0001336917
UA,Under Armour Class C,Consumer Discretionary,"Apparel, Accessories & Luxury Goods","Baltimore, Maryland",5/1/2014,0001336917
UNP,Union Pacific Corp,Industrials,Railroads,"Omaha, Nebraska",,0000100885
UAL,United Airlines Holdings,Industrials,Airlines,"Chicago, Illinois",9/3/2015,0000100517
UNH,United Health Group Inc.,Health Care,Managed Health Care,"Minnetonka, Minnesota",7/1/1994,0000731766
UPS,United Parcel Service,Industrials,Air Freight & Logistics,"Atlanta, Georgia",7/22/2002,0001090727
URI,"United Rentals, Inc.",Industrials,Trading Companies & Distributors,"Stamford, Connecticut",9/20/2014,0001067701
UTX,United Technologies,Industrials,Aerospace & Defense,"Hartford, Connecticut",,0000101829
UHS,"Universal Health Services, Inc.",Health Care,Health Care Facilities,"King of Prussia, Pennsylvania",9/20/2014,0000352915
UNM,Unum Group,Financials,Life & Health Insurance,"Chattanooga, Tennessee",3/1/1994,0000005513
VFC,V.F. Corp.,Consumer Discretionary,"Apparel, Accessories & Luxury Goods","Greensboro, North Carolina",6/30/1979,0000103379
VLO,Valero Energy,Energy,Oil & Gas Refining & Marketing,"San Antonio, Texas",,0001035002
VAR,Varian Medical Systems,Health Care,Health Care Equipment,"Palo Alto, California",2/12/2007,0000203527
VTR,Ventas Inc,Real Estate,Health Care REITs,"Chicago, Illinois",3/4/2009,0000740260
VRSN,Verisign Inc.,Information Technology,Internet Services & Infrastructure,"Dulles, Virginia",2/1/2006,0001014473
VRSK,Verisk Analytics,Industrials,Research & Consulting Services,"Jersey City, New Jersey",10/8/2015,0001442145
VZ,Verizon Communications,Communication Services,Integrated Telecommunication Services,"New York, New York",11/30/1983,0000732712
VRTX,Vertex Pharmaceuticals Inc,Health Care,Biotechnology,"Cambridge, Massachusetts",9/23/2013,0000875320
VIAC,ViacomCBS,Communication Services,Movies & Entertainment,"New York, New York",,0001339947
V,Visa Inc.,Information Technology,Data Processing & Outsourced Services,"San Francisco, California",12/21/2009,0001403161
VNO,Vornado Realty Trust,Real Estate,Office REITs,"New York, New York",,0000899689
VMC,Vulcan Materials,Materials,Construction Materials,"Birmingham, Alabama",6/30/1999,0001396009
WRB,W. R. Berkley Corporation,Financials,Property & Casualty Insurance,"Greenwich, Connecticut",12/5/2019,0000011544
WAB,Wabtec Corporation,Industrials,Construction Machinery & Heavy Trucks,"Wilmerding, Pennsylvania",2/27/2019,0000943452
WMT,Walmart,Consumer Staples,Hypermarkets & Super Centers,"Bentonville, Arkansas",8/31/1982,0000104169
WBA,Walgreens Boots Alliance,Consumer Staples,Drug Retail,"Deerfield, Illinois",12/31/1979,0001618921
DIS,The Walt Disney Company,Communication Services,Movies & Entertainment,"Burbank, California",6/30/1976,0001001039
WM,Waste Management Inc.,Industrials,Environmental & Facilities Services,"Houston, Texas",,0000823768
WAT,Waters Corporation,Health Care,Health Care Distributors,"Milford, Massachusetts",,0001000697
WEC,Wec Energy Group Inc,Utilities,Electric Utilities,"Milwaukee, Wisconsin",10/31/2008,0000783325
WCG,WellCare,Health Care,Managed Health Care,"Tampa, Florida",1985,0001279363
WFC,Wells Fargo,Financials,Diversified Banks,"San Francisco, California",6/30/1976,0000072971
WELL,Welltower Inc.,Real Estate,Health Care REITs,"Toledo, Ohio",1/30/2009,0000766704
WDC,Western Digital,Information Technology,"Technology Hardware, Storage & Peripherals","Irvine, California",7/1/2009,0000106040
WU,Western Union Co,Information Technology,Data Processing & Outsourced Services,"Englewood, Colorado",,0001365135
WRK,WestRock,Materials,Paper Packaging,"Richmond, Virginia",,0001636023
WY,Weyerhaeuser,Real Estate,Specialized REITs,"Federal Way, Washington",,0000106535
WHR,Whirlpool Corp.,Consumer Discretionary,Household Appliances,"Benton Harbor, Michigan",,0000106640
WMB,Williams Cos.,Energy,Oil & Gas Storage & Transportation,"Tulsa, Oklahoma",3/31/1975,0000107263
WLTW,Willis Towers Watson,Financials,Insurance Brokers,"London, United Kingdom",1/5/2016,0001140536
WYNN,Wynn Resorts Ltd,Consumer Discretionary,Casinos & Gaming,"Paradise, Nevada",11/14/2008,0001174922
XEL,Xcel Energy Inc,Utilities,Multi-Utilities,"Minneapolis, Minnesota",,0000072903
XRX,Xerox,Information Technology,"Technology Hardware, Storage & Peripherals","Norwalk, Connecticut",,0000108772
XLNX,Xilinx,Information Technology,Semiconductors,"San Jose, California",11/8/1999,0000743988
XYL,Xylem Inc.,Industrials,Industrial Machinery,"White Plains, New York",11/1/2011,0001524472
YUM,Yum! Brands Inc,Consumer Discretionary,Restaurants,"Louisville, Kentucky",10/6/1997,0001041061
ZBRA,Zebra Technologies,Information Technology,Electronic Equipment & Instruments,"Lincolnshire, Illinois",12/23/2019,0000877212
ZBH,Zimmer Biomet Holdings,Health Care,Health Care Equipment,"Warsaw, Indiana",8/7/2001,0001136869
ZION,Zions Bancorp,Financials,Regional Banks,"Salt Lake City, Utah",6/22/2001,0000109380
ZTS,Zoetis,Health Care,Pharmaceuticals,"Florham Park, New Jersey",6/21/2013,0001555280
